[
  {
    "id": "9824dd51-14bc-4a05-ba7d-1ca3c3c08bd7",
    "authorId": 5,
    "date": "May 20, 2021",
    "href": "/listing-car-detail",
    "listingCategoryId": 10,
    "title": "KONA Electric",
    "featuredImage": "https://shop.vinfastauto.com/on/demandware.static/-/Sites-app_vinfast_vn-Library/default/dwc1e10094/images/vfast/Hinh-anh-Thong-so-xe-VinFast-Fadil-cac-mau.png",
    "galleryImgs": [
      "https://shop.vinfastauto.com/on/demandware.static/-/Sites-app_vinfast_vn-Library/default/dwc1e10094/images/vfast/Hinh-anh-Thong-so-xe-VinFast-Fadil-cac-mau.png",
      "",
      "",
      ""
    ],
    "commentCount": 17,
    "viewCount": 97,
    "like": true,
    "address": "8953 Golf Course Terrace",
    "reviewStart": 5.0,
    "reviewCount": 126,
    "price": "$124",
    "gearshift": "Auto gearbox",
    "seats": 4,
    "saleOff": null,
    "isAds": null,
    "map": { "lat": 55.2094559, "lng": 61.5594641 }
  },
  {
    "id": "12a181b6-114c-45fa-a0cf-f4285bc7d952",
    "authorId": 7,
    "date": "May 20, 2021",
    "href": "/listing-car-detail",
    "listingCategoryId": 18,
    "title": "KONA Electric",
    "featuredImage": "https://shop.vinfastauto.com/on/demandware.static/-/Sites-app_vinfast_vn-Library/default/dwc1e10094/images/vfast/Hinh-anh-Thong-so-xe-VinFast-Fadil-cac-mau.png",
    "galleryImgs": [
      "https://shop.vinfastauto.com/on/demandware.static/-/Sites-app_vinfast_vn-Library/default/dwc1e10094/images/vfast/Hinh-anh-Thong-so-xe-VinFast-Fadil-cac-mau.png",
      "",
      "",
      ""
    ],
    "commentCount": 40,
    "viewCount": 902,
    "like": true,
    "address": "2606 Straubel Crossing",
    "reviewStart": 4.6,
    "reviewCount": 217,
    "price": "$382",
    "gearshift": "Auto gearbox",
    "seats": 4,
    "saleOff": null,
    "isAds": null,
    "map": { "lat": 55.1972153, "lng": 61.4407266 }
  },
  {
    "id": "6132eeac-7895-4bc0-8c32-1155f01cd386",
    "authorId": 9,
    "date": "May 20, 2021",
    "href": "/listing-car-detail",
    "listingCategoryId": 3,
    "title": "KONA Electric",
    "featuredImage": "https://shop.vinfastauto.com/on/demandware.static/-/Sites-app_vinfast_vn-Library/default/dwc1e10094/images/vfast/Hinh-anh-Thong-so-xe-VinFast-Fadil-cac-mau.png",
    "galleryImgs": [
      "https://shop.vinfastauto.com/on/demandware.static/-/Sites-app_vinfast_vn-Library/default/dwc1e10094/images/vfast/Hinh-anh-Thong-so-xe-VinFast-Fadil-cac-mau.png",
      "",
      "",
      ""
    ],
    "commentCount": 81,
    "viewCount": 254,
    "like": false,
    "address": "14 Petterle Trail",
    "reviewStart": 3.8,
    "reviewCount": 534,
    "price": "$105",
    "gearshift": "Auto gearbox",
    "seats": 4,
    "saleOff": null,
    "isAds": null,
    "map": { "lat": 55.247483, "lng": 61.5229791 }
  },
  {
    "id": "53912695-20f7-4037-8a11-a99fd2b652cd",
    "authorId": 4,
    "date": "May 20, 2021",
    "href": "/listing-car-detail",
    "listingCategoryId": 12,
    "title": "KONA Electric",
    "featuredImage": "https://shop.vinfastauto.com/on/demandware.static/-/Sites-app_vinfast_vn-Library/default/dwc1e10094/images/vfast/Hinh-anh-Thong-so-xe-VinFast-Fadil-cac-mau.png",
    "galleryImgs": [
      "https://shop.vinfastauto.com/on/demandware.static/-/Sites-app_vinfast_vn-Library/default/dwc1e10094/images/vfast/Hinh-anh-Thong-so-xe-VinFast-Fadil-cac-mau.png",
      "",
      "",
      ""
    ],
    "commentCount": 5,
    "viewCount": 744,
    "like": true,
    "address": "34591 Dawn Park",
    "reviewStart": 3.1,
    "reviewCount": 527,
    "price": "$266",
    "gearshift": "Auto gearbox",
    "seats": 4,
    "saleOff": null,
    "isAds": null,
    "map": { "lat": 55.2342034, "lng": 61.5409607 }
  },
  {
    "id": "5553f2f0-cfc6-4c8e-a6df-14245134fa24",
    "authorId": 6,
    "date": "May 20, 2021",
    "href": "/listing-car-detail",
    "listingCategoryId": 8,
    "title": "KONA Electric",
    "featuredImage": "https://shop.vinfastauto.com/on/demandware.static/-/Sites-app_vinfast_vn-Library/default/dwc1e10094/images/vfast/Hinh-anh-Thong-so-xe-VinFast-Fadil-cac-mau.png",
    "galleryImgs": [
      "https://shop.vinfastauto.com/on/demandware.static/-/Sites-app_vinfast_vn-Library/default/dwc1e10094/images/vfast/Hinh-anh-Thong-so-xe-VinFast-Fadil-cac-mau.png",
      "",
      "",
      ""
    ],
    "commentCount": 17,
    "viewCount": 579,
    "like": false,
    "address": "5970 Manley Terrace",
    "reviewStart": 3.6,
    "reviewCount": 169,
    "price": "$268",
    "gearshift": "Auto gearbox",
    "seats": 4,
    "saleOff": "-10% today",
    "isAds": null,
    "map": { "lat": 55.2288039, "lng": 61.6050232 }
  },
  {
    "id": "650a163a-e910-43cb-abca-e11ecccbcae4",
    "authorId": 7,
    "date": "May 20, 2021",
    "href": "/listing-car-detail",
    "listingCategoryId": 13,
    "title": "KONA Electric",
    "featuredImage": "https://shop.vinfastauto.com/on/demandware.static/-/Sites-app_vinfast_vn-Library/default/dwc1e10094/images/vfast/Hinh-anh-Thong-so-xe-VinFast-Fadil-cac-mau.png",
    "galleryImgs": [
      "https://shop.vinfastauto.com/on/demandware.static/-/Sites-app_vinfast_vn-Library/default/dwc1e10094/images/vfast/Hinh-anh-Thong-so-xe-VinFast-Fadil-cac-mau.png",
      "",
      "",
      ""
    ],
    "commentCount": 38,
    "viewCount": 506,
    "like": false,
    "address": "3 Buhler Point",
    "reviewStart": 3.5,
    "reviewCount": 33,
    "price": "$321",
    "gearshift": "Auto gearbox",
    "seats": 4,
    "saleOff": null,
    "isAds": null,
    "map": { "lat": 55.1952216, "lng": 61.6115793 }
  },
  {
    "id": "697dc331-7038-4ee3-ad3f-51ae9536d97e",
    "authorId": 6,
    "date": "May 20, 2021",
    "href": "/listing-car-detail",
    "listingCategoryId": 2,
    "title": "KONA Electric",
    "featuredImage": "https://shop.vinfastauto.com/on/demandware.static/-/Sites-app_vinfast_vn-Library/default/dwc1e10094/images/vfast/Hinh-anh-Thong-so-xe-VinFast-Fadil-cac-mau.png",
    "galleryImgs": [
      "https://shop.vinfastauto.com/on/demandware.static/-/Sites-app_vinfast_vn-Library/default/dwc1e10094/images/vfast/Hinh-anh-Thong-so-xe-VinFast-Fadil-cac-mau.png",
      "",
      "",
      ""
    ],
    "commentCount": 70,
    "viewCount": 123,
    "like": true,
    "address": "35 Kedzie Parkway",
    "reviewStart": 4.2,
    "reviewCount": 468,
    "price": "$127",
    "gearshift": "Auto gearbox",
    "seats": 4,
    "saleOff": null,
    "isAds": null,
    "map": { "lat": 55.2211607, "lng": 61.5065318 }
  },
  {
    "id": "3e8f789e-fb11-45d2-9afd-2f2740e80411",
    "authorId": 3,
    "date": "May 20, 2021",
    "href": "/listing-car-detail",
    "listingCategoryId": 7,
    "title": "KONA Electric",
    "featuredImage": "https://shop.vinfastauto.com/on/demandware.static/-/Sites-app_vinfast_vn-Library/default/dwc1e10094/images/vfast/Hinh-anh-Thong-so-xe-VinFast-Fadil-cac-mau.png",
    "galleryImgs": [
      "https://shop.vinfastauto.com/on/demandware.static/-/Sites-app_vinfast_vn-Library/default/dwc1e10094/images/vfast/Hinh-anh-Thong-so-xe-VinFast-Fadil-cac-mau.png",
      "",
      "",
      ""
    ],
    "commentCount": 43,
    "viewCount": 606,
    "like": true,
    "address": "466 Glendale Place",
    "reviewStart": 4.5,
    "reviewCount": 524,
    "price": "$46",
    "gearshift": "Auto gearbox",
    "seats": 4,
    "saleOff": null,
    "isAds": null,
    "map": { "lat": 55.2126851, "lng": 61.4912261 }
  },
  {
    "id": "933ec23b-463e-41dd-9e3c-737ef9b508bb",
    "authorId": 6,
    "date": "May 20, 2021",
    "href": "/listing-car-detail",
    "listingCategoryId": 7,
    "title": "KONA Electric",
    "featuredImage": "https://shop.vinfastauto.com/on/demandware.static/-/Sites-app_vinfast_vn-Library/default/dwc1e10094/images/vfast/Hinh-anh-Thong-so-xe-VinFast-Fadil-cac-mau.png",
    "galleryImgs": [
      "https://shop.vinfastauto.com/on/demandware.static/-/Sites-app_vinfast_vn-Library/default/dwc1e10094/images/vfast/Hinh-anh-Thong-so-xe-VinFast-Fadil-cac-mau.png",
      "",
      "",
      ""
    ],
    "commentCount": 36,
    "viewCount": 120,
    "like": false,
    "address": "50 Schiller Drive",
    "reviewStart": 3.4,
    "reviewCount": 42,
    "price": "$200",
    "gearshift": "Auto gearbox",
    "seats": 4,
    "saleOff": null,
    "isAds": null,
    "map": { "lat": 55.185907, "lng": 61.4864299 }
  },
  {
    "id": "913bca21-1b8e-4321-8e5f-26776875d668",
    "authorId": 10,
    "date": "May 20, 2021",
    "href": "/listing-car-detail",
    "listingCategoryId": 6,
    "title": "KONA Electric",
    "featuredImage": "https://shop.vinfastauto.com/on/demandware.static/-/Sites-app_vinfast_vn-Library/default/dwc1e10094/images/vfast/Hinh-anh-Thong-so-xe-VinFast-Fadil-cac-mau.png",
    "galleryImgs": [
      "https://shop.vinfastauto.com/on/demandware.static/-/Sites-app_vinfast_vn-Library/default/dwc1e10094/images/vfast/Hinh-anh-Thong-so-xe-VinFast-Fadil-cac-mau.png",
      "",
      "",
      ""
    ],
    "commentCount": 63,
    "viewCount": 33,
    "like": true,
    "address": "4561 Debs Center",
    "reviewStart": 4.1,
    "reviewCount": 469,
    "price": "$342",
    "gearshift": "Auto gearbox",
    "seats": 4,
    "saleOff": null,
    "isAds": null,
    "map": { "lat": 55.1735735, "lng": 61.4991107 }
  },
  {
    "id": "13c7e75e-a892-46e2-85ab-6b65d7976fab",
    "authorId": 8,
    "date": "May 20, 2021",
    "href": "/listing-car-detail",
    "listingCategoryId": 19,
    "title": "KONA Electric",
    "featuredImage": "https://shop.vinfastauto.com/on/demandware.static/-/Sites-app_vinfast_vn-Library/default/dwc1e10094/images/vfast/Hinh-anh-Thong-so-xe-VinFast-Fadil-cac-mau.png",
    "galleryImgs": [
      "https://shop.vinfastauto.com/on/demandware.static/-/Sites-app_vinfast_vn-Library/default/dwc1e10094/images/vfast/Hinh-anh-Thong-so-xe-VinFast-Fadil-cac-mau.png",
      "",
      "",
      ""
    ],
    "commentCount": 93,
    "viewCount": 504,
    "like": false,
    "address": "9976 Brentwood Trail",
    "reviewStart": 3.4,
    "reviewCount": 513,
    "price": "$122",
    "gearshift": "Auto gearbox",
    "seats": 4,
    "saleOff": "-10% today",
    "isAds": null,
    "map": { "lat": 59.955413, "lng": 30.337844 }
  },
  {
    "id": "c9ddbe20-f1f8-4a37-a2d5-9f1b5f3dd35e",
    "authorId": 3,
    "date": "May 20, 2021",
    "href": "/listing-car-detail",
    "listingCategoryId": 19,
    "title": "KONA Electric",
    "featuredImage": "https://shop.vinfastauto.com/on/demandware.static/-/Sites-app_vinfast_vn-Library/default/dwc1e10094/images/vfast/Hinh-anh-Thong-so-xe-VinFast-Fadil-cac-mau.png",
    "galleryImgs": [
      "https://shop.vinfastauto.com/on/demandware.static/-/Sites-app_vinfast_vn-Library/default/dwc1e10094/images/vfast/Hinh-anh-Thong-so-xe-VinFast-Fadil-cac-mau.png",
      "",
      "",
      ""
    ],
    "commentCount": 46,
    "viewCount": 88,
    "like": true,
    "address": "0 Graceland Alley",
    "reviewStart": 3.2,
    "reviewCount": 220,
    "price": "$144",
    "gearshift": "Auto gearbox",
    "seats": 4,
    "saleOff": null,
    "isAds": null,
    "map": { "lat": 59.955413, "lng": 30.337844 }
  },
  {
    "id": "cc7cfa04-e20d-4487-8b2c-10d71a71c7a9",
    "authorId": 9,
    "date": "May 20, 2021",
    "href": "/listing-car-detail",
    "listingCategoryId": 7,
    "title": "KONA Electric",
    "featuredImage": "https://shop.vinfastauto.com/on/demandware.static/-/Sites-app_vinfast_vn-Library/default/dwc1e10094/images/vfast/Hinh-anh-Thong-so-xe-VinFast-Fadil-cac-mau.png",
    "galleryImgs": [
      "https://shop.vinfastauto.com/on/demandware.static/-/Sites-app_vinfast_vn-Library/default/dwc1e10094/images/vfast/Hinh-anh-Thong-so-xe-VinFast-Fadil-cac-mau.png",
      "",
      "",
      ""
    ],
    "commentCount": 74,
    "viewCount": 432,
    "like": false,
    "address": "84 Golf Course Plaza",
    "reviewStart": 3.8,
    "reviewCount": 502,
    "price": "$326",
    "gearshift": "Auto gearbox",
    "seats": 4,
    "saleOff": null,
    "isAds": null,
    "map": { "lat": 59.955413, "lng": 30.337844 }
  },
  {
    "id": "e00c8d43-f25c-4736-8a9e-4ffe0dbeeb86",
    "authorId": 5,
    "date": "May 20, 2021",
    "href": "/listing-car-detail",
    "listingCategoryId": 18,
    "title": "KONA Electric",
    "featuredImage": "https://shop.vinfastauto.com/on/demandware.static/-/Sites-app_vinfast_vn-Library/default/dwc1e10094/images/vfast/Hinh-anh-Thong-so-xe-VinFast-Fadil-cac-mau.png",
    "galleryImgs": [
      "https://shop.vinfastauto.com/on/demandware.static/-/Sites-app_vinfast_vn-Library/default/dwc1e10094/images/vfast/Hinh-anh-Thong-so-xe-VinFast-Fadil-cac-mau.png",
      "",
      "",
      ""
    ],
    "commentCount": 36,
    "viewCount": 339,
    "like": true,
    "address": "9 1st Point",
    "reviewStart": 4.7,
    "reviewCount": 218,
    "price": "$285",
    "gearshift": "Auto gearbox",
    "seats": 4,
    "saleOff": null,
    "isAds": null,
    "map": { "lat": 59.955413, "lng": 30.337844 }
  },
  {
    "id": "378db053-8191-46ad-a7e0-5a6328f8af21",
    "authorId": 3,
    "date": "May 20, 2021",
    "href": "/listing-car-detail",
    "listingCategoryId": 1,
    "title": "KONA Electric",
    "featuredImage": "https://shop.vinfastauto.com/on/demandware.static/-/Sites-app_vinfast_vn-Library/default/dwc1e10094/images/vfast/Hinh-anh-Thong-so-xe-VinFast-Fadil-cac-mau.png",
    "galleryImgs": [
      "https://shop.vinfastauto.com/on/demandware.static/-/Sites-app_vinfast_vn-Library/default/dwc1e10094/images/vfast/Hinh-anh-Thong-so-xe-VinFast-Fadil-cac-mau.png",
      "",
      "",
      ""
    ],
    "commentCount": 82,
    "viewCount": 138,
    "like": true,
    "address": "7050 6th Point",
    "reviewStart": 4.2,
    "reviewCount": 31,
    "price": "$315",
    "gearshift": "Auto gearbox",
    "seats": 4,
    "saleOff": null,
    "isAds": null,
    "map": { "lat": 59.955413, "lng": 30.337844 }
  },
  {
    "id": "3d520211-dffd-4245-9790-15d382a8cb1f",
    "authorId": 9,
    "date": "May 20, 2021",
    "href": "/listing-car-detail",
    "listingCategoryId": 17,
    "title": "KONA Electric",
    "featuredImage": "https://shop.vinfastauto.com/on/demandware.static/-/Sites-app_vinfast_vn-Library/default/dwc1e10094/images/vfast/Hinh-anh-Thong-so-xe-VinFast-Fadil-cac-mau.png",
    "galleryImgs": [
      "https://shop.vinfastauto.com/on/demandware.static/-/Sites-app_vinfast_vn-Library/default/dwc1e10094/images/vfast/Hinh-anh-Thong-so-xe-VinFast-Fadil-cac-mau.png",
      "",
      "",
      ""
    ],
    "commentCount": 7,
    "viewCount": 343,
    "like": false,
    "address": "79 Elgar Hill",
    "reviewStart": 4.6,
    "reviewCount": 55,
    "price": "$207",
    "gearshift": "Auto gearbox",
    "seats": 4,
    "saleOff": "-10% today",
    "isAds": null,
    "map": { "lat": 59.955413, "lng": 30.337844 }
  },
  {
    "id": "feac0e7d-3839-4e47-b9b7-0a531daabe4c",
    "authorId": 9,
    "date": "May 20, 2021",
    "href": "/listing-car-detail",
    "listingCategoryId": 16,
    "title": "KONA Electric",
    "featuredImage": "https://shop.vinfastauto.com/on/demandware.static/-/Sites-app_vinfast_vn-Library/default/dwc1e10094/images/vfast/Hinh-anh-Thong-so-xe-VinFast-Fadil-cac-mau.png",
    "galleryImgs": [
      "https://shop.vinfastauto.com/on/demandware.static/-/Sites-app_vinfast_vn-Library/default/dwc1e10094/images/vfast/Hinh-anh-Thong-so-xe-VinFast-Fadil-cac-mau.png",
      "",
      "",
      ""
    ],
    "commentCount": 54,
    "viewCount": 7,
    "like": false,
    "address": "0 Waxwing Circle",
    "reviewStart": 3.5,
    "reviewCount": 472,
    "price": "$264",
    "gearshift": "Auto gearbox",
    "seats": 4,
    "saleOff": null,
    "isAds": null,
    "map": { "lat": 59.955413, "lng": 30.337844 }
  },
  {
    "id": "bac8b4a0-c573-4d89-bc91-d53be1cb4e16",
    "authorId": 9,
    "date": "May 20, 2021",
    "href": "/listing-car-detail",
    "listingCategoryId": 9,
    "title": "KONA Electric",
    "featuredImage": "https://shop.vinfastauto.com/on/demandware.static/-/Sites-app_vinfast_vn-Library/default/dwc1e10094/images/vfast/Hinh-anh-Thong-so-xe-VinFast-Fadil-cac-mau.png",
    "galleryImgs": [
      "https://shop.vinfastauto.com/on/demandware.static/-/Sites-app_vinfast_vn-Library/default/dwc1e10094/images/vfast/Hinh-anh-Thong-so-xe-VinFast-Fadil-cac-mau.png",
      "",
      "",
      ""
    ],
    "commentCount": 73,
    "viewCount": 748,
    "like": true,
    "address": "72 Petterle Parkway",
    "reviewStart": 4.8,
    "reviewCount": 230,
    "price": "$240",
    "gearshift": "Auto gearbox",
    "seats": 4,
    "saleOff": null,
    "isAds": null,
    "map": { "lat": 59.955413, "lng": 30.337844 }
  },
  {
    "id": "4688ad16-b471-485d-8c20-34c32436607f",
    "authorId": 8,
    "date": "May 20, 2021",
    "href": "/listing-car-detail",
    "listingCategoryId": 13,
    "title": "KONA Electric",
    "featuredImage": "https://shop.vinfastauto.com/on/demandware.static/-/Sites-app_vinfast_vn-Library/default/dwc1e10094/images/vfast/Hinh-anh-Thong-so-xe-VinFast-Fadil-cac-mau.png",
    "galleryImgs": [
      "https://shop.vinfastauto.com/on/demandware.static/-/Sites-app_vinfast_vn-Library/default/dwc1e10094/images/vfast/Hinh-anh-Thong-so-xe-VinFast-Fadil-cac-mau.png",
      "",
      "",
      ""
    ],
    "commentCount": 92,
    "viewCount": 100,
    "like": false,
    "address": "7 Johnson Alley",
    "reviewStart": 4.0,
    "reviewCount": 406,
    "price": "$353",
    "gearshift": "Auto gearbox",
    "seats": 4,
    "saleOff": null,
    "isAds": null,
    "map": { "lat": 59.955413, "lng": 30.337844 }
  },
  {
    "id": "b488141f-bb19-44ba-b121-a838ab377100",
    "authorId": 6,
    "date": "May 20, 2021",
    "href": "/listing-car-detail",
    "listingCategoryId": 6,
    "title": "KONA Electric",
    "featuredImage": "https://shop.vinfastauto.com/on/demandware.static/-/Sites-app_vinfast_vn-Library/default/dwc1e10094/images/vfast/Hinh-anh-Thong-so-xe-VinFast-Fadil-cac-mau.png",
    "galleryImgs": [
      "https://shop.vinfastauto.com/on/demandware.static/-/Sites-app_vinfast_vn-Library/default/dwc1e10094/images/vfast/Hinh-anh-Thong-so-xe-VinFast-Fadil-cac-mau.png",
      "",
      "",
      ""
    ],
    "commentCount": 73,
    "viewCount": 237,
    "like": true,
    "address": "96834 Dayton Lane",
    "reviewStart": 3.5,
    "reviewCount": 320,
    "price": "$220",
    "gearshift": "Auto gearbox",
    "seats": 4,
    "saleOff": null,
    "isAds": null,
    "map": { "lat": 59.955413, "lng": 30.337844 }
  },
  {
    "id": "6d04d1de-5a4a-45bd-b2cd-196a2be83738",
    "authorId": 5,
    "date": "May 20, 2021",
    "href": "/listing-car-detail",
    "listingCategoryId": 16,
    "title": "KONA Electric",
    "featuredImage": "https://shop.vinfastauto.com/on/demandware.static/-/Sites-app_vinfast_vn-Library/default/dwc1e10094/images/vfast/Hinh-anh-Thong-so-xe-VinFast-Fadil-cac-mau.png",
    "galleryImgs": [
      "https://shop.vinfastauto.com/on/demandware.static/-/Sites-app_vinfast_vn-Library/default/dwc1e10094/images/vfast/Hinh-anh-Thong-so-xe-VinFast-Fadil-cac-mau.png",
      "",
      "",
      ""
    ],
    "commentCount": 53,
    "viewCount": 548,
    "like": false,
    "address": "62624 Hazelcrest Point",
    "reviewStart": 3.2,
    "reviewCount": 471,
    "price": "$106",
    "gearshift": "Auto gearbox",
    "seats": 4,
    "saleOff": "-10% today",
    "isAds": null,
    "map": { "lat": 59.955413, "lng": 30.337844 }
  },
  {
    "id": "c34a2139-d208-4471-9682-0b03acad0b3b",
    "authorId": 5,
    "date": "May 20, 2021",
    "href": "/listing-car-detail",
    "listingCategoryId": 3,
    "title": "KONA Electric",
    "featuredImage": "https://shop.vinfastauto.com/on/demandware.static/-/Sites-app_vinfast_vn-Library/default/dwc1e10094/images/vfast/Hinh-anh-Thong-so-xe-VinFast-Fadil-cac-mau.png",
    "galleryImgs": [
      "https://shop.vinfastauto.com/on/demandware.static/-/Sites-app_vinfast_vn-Library/default/dwc1e10094/images/vfast/Hinh-anh-Thong-so-xe-VinFast-Fadil-cac-mau.png",
      "",
      "",
      ""
    ],
    "commentCount": 83,
    "viewCount": 778,
    "like": false,
    "address": "60007 Mcbride Trail",
    "reviewStart": 4.1,
    "reviewCount": 237,
    "price": "$239",
    "gearshift": "Auto gearbox",
    "seats": 4,
    "saleOff": null,
    "isAds": null,
    "map": { "lat": 59.955413, "lng": 30.337844 }
  },
  {
    "id": "fe95c1c7-73c9-4931-8133-dc15360ed064",
    "authorId": 9,
    "date": "May 20, 2021",
    "href": "/listing-car-detail",
    "listingCategoryId": 18,
    "title": "KONA Electric",
    "featuredImage": "https://shop.vinfastauto.com/on/demandware.static/-/Sites-app_vinfast_vn-Library/default/dwc1e10094/images/vfast/Hinh-anh-Thong-so-xe-VinFast-Fadil-cac-mau.png",
    "galleryImgs": [
      "https://shop.vinfastauto.com/on/demandware.static/-/Sites-app_vinfast_vn-Library/default/dwc1e10094/images/vfast/Hinh-anh-Thong-so-xe-VinFast-Fadil-cac-mau.png",
      "",
      "",
      ""
    ],
    "commentCount": 70,
    "viewCount": 684,
    "like": false,
    "address": "4213 Canary Circle",
    "reviewStart": 3.1,
    "reviewCount": 60,
    "price": "$391",
    "gearshift": "Auto gearbox",
    "seats": 4,
    "saleOff": "-10% today",
    "isAds": null,
    "map": { "lat": 59.955413, "lng": 30.337844 }
  },
  {
    "id": "4a6d099c-26b4-421c-95ed-22f8ccff98f9",
    "authorId": 1,
    "date": "May 20, 2021",
    "href": "/listing-car-detail",
    "listingCategoryId": 20,
    "title": "KONA Electric",
    "featuredImage": "https://shop.vinfastauto.com/on/demandware.static/-/Sites-app_vinfast_vn-Library/default/dwc1e10094/images/vfast/Hinh-anh-Thong-so-xe-VinFast-Fadil-cac-mau.png",
    "galleryImgs": [
      "https://shop.vinfastauto.com/on/demandware.static/-/Sites-app_vinfast_vn-Library/default/dwc1e10094/images/vfast/Hinh-anh-Thong-so-xe-VinFast-Fadil-cac-mau.png",
      "",
      "",
      ""
    ],
    "commentCount": 100,
    "viewCount": 286,
    "like": true,
    "address": "40 Northwestern Circle",
    "reviewStart": 4.9,
    "reviewCount": 309,
    "price": "$349",
    "gearshift": "Auto gearbox",
    "seats": 4,
    "saleOff": "-10% today",
    "isAds": null,
    "map": { "lat": 59.955413, "lng": 30.337844 }
  },
  {
    "id": "4cde8010-0484-4825-89da-c8e210a5a836",
    "authorId": 5,
    "date": "May 20, 2021",
    "href": "/listing-car-detail",
    "listingCategoryId": 6,
    "title": "KONA Electric",
    "featuredImage": "https://shop.vinfastauto.com/on/demandware.static/-/Sites-app_vinfast_vn-Library/default/dwc1e10094/images/vfast/Hinh-anh-Thong-so-xe-VinFast-Fadil-cac-mau.png",
    "galleryImgs": [
      "https://shop.vinfastauto.com/on/demandware.static/-/Sites-app_vinfast_vn-Library/default/dwc1e10094/images/vfast/Hinh-anh-Thong-so-xe-VinFast-Fadil-cac-mau.png",
      "",
      "",
      ""
    ],
    "commentCount": 68,
    "viewCount": 39,
    "like": false,
    "address": "2758 Memorial Parkway",
    "reviewStart": 4.5,
    "reviewCount": 492,
    "price": "$249",
    "gearshift": "Auto gearbox",
    "seats": 4,
    "saleOff": null,
    "isAds": null,
    "map": { "lat": 59.955413, "lng": 30.337844 }
  },
  {
    "id": "f0b09079-3d2c-4b8c-8c01-1e8ea0790092",
    "authorId": 2,
    "date": "May 20, 2021",
    "href": "/listing-car-detail",
    "listingCategoryId": 2,
    "title": "KONA Electric",
    "featuredImage": "https://shop.vinfastauto.com/on/demandware.static/-/Sites-app_vinfast_vn-Library/default/dwc1e10094/images/vfast/Hinh-anh-Thong-so-xe-VinFast-Fadil-cac-mau.png",
    "galleryImgs": [
      "https://shop.vinfastauto.com/on/demandware.static/-/Sites-app_vinfast_vn-Library/default/dwc1e10094/images/vfast/Hinh-anh-Thong-so-xe-VinFast-Fadil-cac-mau.png",
      "",
      "",
      ""
    ],
    "commentCount": 62,
    "viewCount": 402,
    "like": true,
    "address": "1 Orin Junction",
    "reviewStart": 4.5,
    "reviewCount": 347,
    "price": "$185",
    "gearshift": "Auto gearbox",
    "seats": 4,
    "saleOff": "-10% today",
    "isAds": null,
    "map": { "lat": 59.955413, "lng": 30.337844 }
  },
  {
    "id": "f90ea3f8-0794-4a62-8137-f64dba231a30",
    "authorId": 4,
    "date": "May 20, 2021",
    "href": "/listing-car-detail",
    "listingCategoryId": 5,
    "title": "KONA Electric",
    "featuredImage": "https://shop.vinfastauto.com/on/demandware.static/-/Sites-app_vinfast_vn-Library/default/dwc1e10094/images/vfast/Hinh-anh-Thong-so-xe-VinFast-Fadil-cac-mau.png",
    "galleryImgs": [
      "https://shop.vinfastauto.com/on/demandware.static/-/Sites-app_vinfast_vn-Library/default/dwc1e10094/images/vfast/Hinh-anh-Thong-so-xe-VinFast-Fadil-cac-mau.png",
      "",
      "",
      ""
    ],
    "commentCount": 30,
    "viewCount": 97,
    "like": true,
    "address": "544 East Lane",
    "reviewStart": 3.3,
    "reviewCount": 459,
    "price": "$40",
    "gearshift": "Auto gearbox",
    "seats": 4,
    "saleOff": "-10% today",
    "isAds": null,
    "map": { "lat": 59.955413, "lng": 30.337844 }
  },
  {
    "id": "f1f59d2a-898d-4697-a4f2-8f321e511bd7",
    "authorId": 1,
    "date": "May 20, 2021",
    "href": "/listing-car-detail",
    "listingCategoryId": 1,
    "title": "KONA Electric",
    "featuredImage": "https://shop.vinfastauto.com/on/demandware.static/-/Sites-app_vinfast_vn-Library/default/dwc1e10094/images/vfast/Hinh-anh-Thong-so-xe-VinFast-Fadil-cac-mau.png",
    "galleryImgs": [
      "https://shop.vinfastauto.com/on/demandware.static/-/Sites-app_vinfast_vn-Library/default/dwc1e10094/images/vfast/Hinh-anh-Thong-so-xe-VinFast-Fadil-cac-mau.png",
      "",
      "",
      ""
    ],
    "commentCount": 19,
    "viewCount": 527,
    "like": true,
    "address": "1261 Comanche Road",
    "reviewStart": 5.0,
    "reviewCount": 280,
    "price": "$255",
    "gearshift": "Auto gearbox",
    "seats": 4,
    "saleOff": "-10% today",
    "isAds": null,
    "map": { "lat": 59.955413, "lng": 30.337844 }
  },
  {
    "id": "63a2ac87-0102-4d4f-89f4-a99eb48ed376",
    "authorId": 7,
    "date": "May 20, 2021",
    "href": "/listing-car-detail",
    "listingCategoryId": 16,
    "title": "KONA Electric",
    "featuredImage": "https://shop.vinfastauto.com/on/demandware.static/-/Sites-app_vinfast_vn-Library/default/dwc1e10094/images/vfast/Hinh-anh-Thong-so-xe-VinFast-Fadil-cac-mau.png",
    "galleryImgs": [
      "https://shop.vinfastauto.com/on/demandware.static/-/Sites-app_vinfast_vn-Library/default/dwc1e10094/images/vfast/Hinh-anh-Thong-so-xe-VinFast-Fadil-cac-mau.png",
      "",
      "",
      ""
    ],
    "commentCount": 97,
    "viewCount": 58,
    "like": true,
    "address": "012 Tennessee Crossing",
    "reviewStart": 3.3,
    "reviewCount": 113,
    "price": "$379",
    "gearshift": "Auto gearbox",
    "seats": 4,
    "saleOff": null,
    "isAds": null,
    "map": { "lat": 59.955413, "lng": 30.337844 }
  },
  {
    "id": "1793eb23-38f4-4c41-8c6d-ec2ced79e9e6",
    "authorId": 4,
    "date": "May 20, 2021",
    "href": "/listing-car-detail",
    "listingCategoryId": 15,
    "title": "KONA Electric",
    "featuredImage": "https://shop.vinfastauto.com/on/demandware.static/-/Sites-app_vinfast_vn-Library/default/dwc1e10094/images/vfast/Hinh-anh-Thong-so-xe-VinFast-Fadil-cac-mau.png",
    "galleryImgs": [
      "https://shop.vinfastauto.com/on/demandware.static/-/Sites-app_vinfast_vn-Library/default/dwc1e10094/images/vfast/Hinh-anh-Thong-so-xe-VinFast-Fadil-cac-mau.png",
      "",
      "",
      ""
    ],
    "commentCount": 37,
    "viewCount": 506,
    "like": true,
    "address": "03 5th Plaza",
    "reviewStart": 3.1,
    "reviewCount": 57,
    "price": "$45",
    "gearshift": "Auto gearbox",
    "seats": 4,
    "saleOff": null,
    "isAds": null,
    "map": { "lat": 59.955413, "lng": 30.337844 }
  },
  {
    "id": "12d3b3e3-c1b4-458f-89b8-a89fabc90622",
    "authorId": 6,
    "date": "May 20, 2021",
    "href": "/listing-car-detail",
    "listingCategoryId": 20,
    "title": "KONA Electric",
    "featuredImage": "https://shop.vinfastauto.com/on/demandware.static/-/Sites-app_vinfast_vn-Library/default/dwc1e10094/images/vfast/Hinh-anh-Thong-so-xe-VinFast-Fadil-cac-mau.png",
    "galleryImgs": [
      "https://shop.vinfastauto.com/on/demandware.static/-/Sites-app_vinfast_vn-Library/default/dwc1e10094/images/vfast/Hinh-anh-Thong-so-xe-VinFast-Fadil-cac-mau.png",
      "",
      "",
      ""
    ],
    "commentCount": 7,
    "viewCount": 555,
    "like": true,
    "address": "610 Knutson Parkway",
    "reviewStart": 4.1,
    "reviewCount": 426,
    "price": "$396.91",
    "gearshift": "Auto gearbox",
    "seats": 4,
    "saleOff": null,
    "isAds": null,
    "map": { "lat": 59.955413, "lng": 30.337844 }
  },
  {
    "id": "7f898656-b678-4eb7-9914-f3372982e35b",
    "authorId": 8,
    "date": "May 20, 2021",
    "href": "/listing-car-detail",
    "listingCategoryId": 14,
    "title": "KONA Electric",
    "featuredImage": "https://shop.vinfastauto.com/on/demandware.static/-/Sites-app_vinfast_vn-Library/default/dwc1e10094/images/vfast/Hinh-anh-Thong-so-xe-VinFast-Fadil-cac-mau.png",
    "galleryImgs": [
      "https://shop.vinfastauto.com/on/demandware.static/-/Sites-app_vinfast_vn-Library/default/dwc1e10094/images/vfast/Hinh-anh-Thong-so-xe-VinFast-Fadil-cac-mau.png",
      "",
      "",
      ""
    ],
    "commentCount": 89,
    "viewCount": 488,
    "like": false,
    "address": "3239 Dovetail Plaza",
    "reviewStart": 4.2,
    "reviewCount": 377,
    "price": "$328.05",
    "gearshift": "Auto gearbox",
    "seats": 4,
    "saleOff": null,
    "isAds": null,
    "map": { "lat": 59.955413, "lng": 30.337844 }
  },
  {
    "id": "e1e472c2-e863-4f69-9c95-60e075406628",
    "authorId": 6,
    "date": "May 20, 2021",
    "href": "/listing-car-detail",
    "listingCategoryId": 6,
    "title": "KONA Electric",
    "featuredImage": "https://shop.vinfastauto.com/on/demandware.static/-/Sites-app_vinfast_vn-Library/default/dwc1e10094/images/vfast/Hinh-anh-Thong-so-xe-VinFast-Fadil-cac-mau.png",
    "galleryImgs": [
      "https://shop.vinfastauto.com/on/demandware.static/-/Sites-app_vinfast_vn-Library/default/dwc1e10094/images/vfast/Hinh-anh-Thong-so-xe-VinFast-Fadil-cac-mau.png",
      "",
      "",
      ""
    ],
    "commentCount": 68,
    "viewCount": 398,
    "like": false,
    "address": "2739 Warbler Court",
    "reviewStart": 3.1,
    "reviewCount": 182,
    "price": "$250.98",
    "gearshift": "Auto gearbox",
    "seats": 4,
    "saleOff": null,
    "isAds": null,
    "map": { "lat": 59.955413, "lng": 30.337844 }
  },
  {
    "id": "96f2d787-5397-478d-a430-a49d3cb18208",
    "authorId": 5,
    "date": "May 20, 2021",
    "href": "/listing-car-detail",
    "listingCategoryId": 6,
    "title": "KONA Electric",
    "featuredImage": "https://shop.vinfastauto.com/on/demandware.static/-/Sites-app_vinfast_vn-Library/default/dwc1e10094/images/vfast/Hinh-anh-Thong-so-xe-VinFast-Fadil-cac-mau.png",
    "galleryImgs": [
      "https://shop.vinfastauto.com/on/demandware.static/-/Sites-app_vinfast_vn-Library/default/dwc1e10094/images/vfast/Hinh-anh-Thong-so-xe-VinFast-Fadil-cac-mau.png",
      "",
      "",
      ""
    ],
    "commentCount": 59,
    "viewCount": 836,
    "like": false,
    "address": "153 Truax Terrace",
    "reviewStart": 4.4,
    "reviewCount": 69,
    "price": "$192.48",
    "gearshift": "Auto gearbox",
    "seats": 4,
    "saleOff": null,
    "isAds": null,
    "map": { "lat": 59.955413, "lng": 30.337844 }
  },
  {
    "id": "5e4fcc0f-e131-4b8e-bdab-150dbe44b51d",
    "authorId": 6,
    "date": "May 20, 2021",
    "href": "/listing-car-detail",
    "listingCategoryId": 20,
    "title": "KONA Electric",
    "featuredImage": "https://shop.vinfastauto.com/on/demandware.static/-/Sites-app_vinfast_vn-Library/default/dwc1e10094/images/vfast/Hinh-anh-Thong-so-xe-VinFast-Fadil-cac-mau.png",
    "galleryImgs": [
      "https://shop.vinfastauto.com/on/demandware.static/-/Sites-app_vinfast_vn-Library/default/dwc1e10094/images/vfast/Hinh-anh-Thong-so-xe-VinFast-Fadil-cac-mau.png",
      "",
      "",
      ""
    ],
    "commentCount": 72,
    "viewCount": 84,
    "like": true,
    "address": "05121 Kensington Point",
    "reviewStart": 3.3,
    "reviewCount": 25,
    "price": "$206.86",
    "gearshift": "Auto gearbox",
    "seats": 4,
    "saleOff": null,
    "isAds": null,
    "map": { "lat": 59.955413, "lng": 30.337844 }
  },
  {
    "id": "e44d18e0-3e2e-431a-bb24-5f9655893c7d",
    "authorId": 3,
    "date": "May 20, 2021",
    "href": "/listing-car-detail",
    "listingCategoryId": 6,
    "title": "KONA Electric",
    "featuredImage": "https://shop.vinfastauto.com/on/demandware.static/-/Sites-app_vinfast_vn-Library/default/dwc1e10094/images/vfast/Hinh-anh-Thong-so-xe-VinFast-Fadil-cac-mau.png",
    "galleryImgs": [
      "https://shop.vinfastauto.com/on/demandware.static/-/Sites-app_vinfast_vn-Library/default/dwc1e10094/images/vfast/Hinh-anh-Thong-so-xe-VinFast-Fadil-cac-mau.png",
      "",
      "",
      ""
    ],
    "commentCount": 41,
    "viewCount": 362,
    "like": true,
    "address": "309 Arapahoe Road",
    "reviewStart": 4.8,
    "reviewCount": 459,
    "price": "$32.44",
    "gearshift": "Auto gearbox",
    "seats": 4,
    "saleOff": null,
    "isAds": null,
    "map": { "lat": 59.955413, "lng": 30.337844 }
  },
  {
    "id": "cd067713-b063-4f1d-9bdb-97ab62e58f72",
    "authorId": 5,
    "date": "May 20, 2021",
    "href": "/listing-car-detail",
    "listingCategoryId": 15,
    "title": "KONA Electric",
    "featuredImage": "https://shop.vinfastauto.com/on/demandware.static/-/Sites-app_vinfast_vn-Library/default/dwc1e10094/images/vfast/Hinh-anh-Thong-so-xe-VinFast-Fadil-cac-mau.png",
    "galleryImgs": [
      "https://shop.vinfastauto.com/on/demandware.static/-/Sites-app_vinfast_vn-Library/default/dwc1e10094/images/vfast/Hinh-anh-Thong-so-xe-VinFast-Fadil-cac-mau.png",
      "",
      "",
      ""
    ],
    "commentCount": 61,
    "viewCount": 918,
    "like": true,
    "address": "1 Westport Lane",
    "reviewStart": 3.2,
    "reviewCount": 420,
    "price": "$323.30",
    "gearshift": "Auto gearbox",
    "seats": 4,
    "saleOff": null,
    "isAds": null,
    "map": { "lat": 59.955413, "lng": 30.337844 }
  },
  {
    "id": "175d38eb-8bda-43e0-bab4-593a4754b453",
    "authorId": 4,
    "date": "May 20, 2021",
    "href": "/listing-car-detail",
    "listingCategoryId": 11,
    "title": "KONA Electric",
    "featuredImage": "https://shop.vinfastauto.com/on/demandware.static/-/Sites-app_vinfast_vn-Library/default/dwc1e10094/images/vfast/Hinh-anh-Thong-so-xe-VinFast-Fadil-cac-mau.png",
    "galleryImgs": [
      "https://shop.vinfastauto.com/on/demandware.static/-/Sites-app_vinfast_vn-Library/default/dwc1e10094/images/vfast/Hinh-anh-Thong-so-xe-VinFast-Fadil-cac-mau.png",
      "",
      "",
      ""
    ],
    "commentCount": 75,
    "viewCount": 165,
    "like": true,
    "address": "3413 Nancy Crossing",
    "reviewStart": 4.5,
    "reviewCount": 527,
    "price": "$47.34",
    "gearshift": "Auto gearbox",
    "seats": 4,
    "saleOff": null,
    "isAds": null,
    "map": { "lat": 59.955413, "lng": 30.337844 }
  },
  {
    "id": "19375ada-62f9-414d-83c7-a1e8b6a492c8",
    "authorId": 2,
    "date": "May 20, 2021",
    "href": "/listing-car-detail",
    "listingCategoryId": 15,
    "title": "KONA Electric",
    "featuredImage": "https://shop.vinfastauto.com/on/demandware.static/-/Sites-app_vinfast_vn-Library/default/dwc1e10094/images/vfast/Hinh-anh-Thong-so-xe-VinFast-Fadil-cac-mau.png",
    "galleryImgs": [
      "https://shop.vinfastauto.com/on/demandware.static/-/Sites-app_vinfast_vn-Library/default/dwc1e10094/images/vfast/Hinh-anh-Thong-so-xe-VinFast-Fadil-cac-mau.png",
      "",
      "",
      ""
    ],
    "commentCount": 55,
    "viewCount": 530,
    "like": true,
    "address": "25935 Clemons Junction",
    "reviewStart": 4.5,
    "reviewCount": 388,
    "price": "$53.98",
    "gearshift": "Auto gearbox",
    "seats": 4,
    "saleOff": null,
    "isAds": true,
    "map": { "lat": 59.955413, "lng": 30.337844 }
  },
  {
    "id": "69eb36e7-0743-47f6-a970-3f8ecdb76a9d",
    "authorId": 1,
    "date": "May 20, 2021",
    "href": "/listing-car-detail",
    "listingCategoryId": 7,
    "title": "KONA Electric",
    "featuredImage": "https://shop.vinfastauto.com/on/demandware.static/-/Sites-app_vinfast_vn-Library/default/dwc1e10094/images/vfast/Hinh-anh-Thong-so-xe-VinFast-Fadil-cac-mau.png",
    "galleryImgs": [
      "https://shop.vinfastauto.com/on/demandware.static/-/Sites-app_vinfast_vn-Library/default/dwc1e10094/images/vfast/Hinh-anh-Thong-so-xe-VinFast-Fadil-cac-mau.png",
      "",
      "",
      ""
    ],
    "commentCount": 49,
    "viewCount": 28,
    "like": true,
    "address": "4792 Warrior Avenue",
    "reviewStart": 3.9,
    "reviewCount": 244,
    "price": "$223.42",
    "gearshift": "Auto gearbox",
    "seats": 4,
    "saleOff": null,
    "isAds": null,
    "map": { "lat": 59.955413, "lng": 30.337844 }
  }
]
