[
  {
    "id": "id1",
    "authorId": 10,
    "date": "May 20, 2021",
    "href": "/listing-stay-detail",
    "listingCategoryId": 17,
    "title": "Wembley Futsal Arena ",
    "featuredImage": "https://images.pexels.com/photos/5191371/pexels-photo-5191371.jpeg?auto=compress&cs=tinysrgb&dpr=1&w=500",
    "galleryImgs": [
      "https://lh3.googleusercontent.com/p/AF1QipMO5mH7KxORs5V77ltyvaequpXxZr_jGkYWnV6L=s680-w680-h510",
      "https://lh3.googleusercontent.com/p/AF1QipPiv3T6wUK_0ze5nmyhJw8yNTPpZKTjy3fnqbyw=s680-w680-h510",
      "https://www.oldham-chronicle.co.uk/uploads/f2/news/img/2014918_123230.jpg",
      "https://lh3.googleusercontent.com/p/AF1QipPiv3T6wUK_0ze5nmyhJw8yNTPpZKTjy3fnqbyw=s680-w680-h510"
    ],
    "commentCount": 70,
    "viewCount": 602,
    "like": false,
    "address": "Selangor, Malaysia",
    "reviewStart": 3.6,
    "reviewCount": 27,
    "price": "$26",
    "maxGuests": 6,
    "bedrooms": 2,
    "bathrooms": 3,
    "saleOff": null,
    "isAds": null,
     
    "map": { "lat": 3.0470964021214746, "lng": 101.50425985174644 }
  },
  {
    "id": "id1",
    "authorId": 10,
    "date": "May 20, 2021",
    "href": "/listing-stay-detail",
    "listingCategoryId": 17,
    "title": "Wembley Futsal Arena ",
    "featuredImage": "https://images.pexels.com/photos/5191371/pexels-photo-5191371.jpeg?auto=compress&cs=tinysrgb&dpr=1&w=500",
    "galleryImgs": [
      "https://lh3.googleusercontent.com/p/AF1QipMO5mH7KxORs5V77ltyvaequpXxZr_jGkYWnV6L=s680-w680-h510",
      "https://lh3.googleusercontent.com/p/AF1QipPiv3T6wUK_0ze5nmyhJw8yNTPpZKTjy3fnqbyw=s680-w680-h510",
      "https://www.oldham-chronicle.co.uk/uploads/f2/news/img/2014918_123230.jpg",
      "https://lh3.googleusercontent.com/p/AF1QipPiv3T6wUK_0ze5nmyhJw8yNTPpZKTjy3fnqbyw=s680-w680-h510"
    ],
    "commentCount": 70,
    "viewCount": 602,
    "like": false,
    "address": "Selangor, Malaysia",
    "reviewStart": 3.6,
    "reviewCount": 27,
    "price": "$26",
    "maxGuests": 6,
    "bedrooms": 2,
    "bathrooms": 3,
    "saleOff": null,
    "isAds": null,
     
    "map": { "lat": 3.0470964021214746, "lng": 101.50425985174644 }
  },
  {
    "id": "id1",
    "authorId": 10,
    "date": "May 20, 2021",
    "href": "/listing-stay-detail",
    "listingCategoryId": 17,
    "title": "Wembley Futsal Arena ",
    "featuredImage": "https://images.pexels.com/photos/5191371/pexels-photo-5191371.jpeg?auto=compress&cs=tinysrgb&dpr=1&w=500",
    "galleryImgs": [
      "https://lh3.googleusercontent.com/p/AF1QipMO5mH7KxORs5V77ltyvaequpXxZr_jGkYWnV6L=s680-w680-h510",
      "https://lh3.googleusercontent.com/p/AF1QipPiv3T6wUK_0ze5nmyhJw8yNTPpZKTjy3fnqbyw=s680-w680-h510",
      "https://www.oldham-chronicle.co.uk/uploads/f2/news/img/2014918_123230.jpg",
      "https://lh3.googleusercontent.com/p/AF1QipPiv3T6wUK_0ze5nmyhJw8yNTPpZKTjy3fnqbyw=s680-w680-h510"
    ],
    "commentCount": 70,
    "viewCount": 602,
    "like": false,
    "address": "Selangor, Malaysia",
    "reviewStart": 3.6,
    "reviewCount": 27,
    "price": "$26",
    "maxGuests": 6,
    "bedrooms": 2,
    "bathrooms": 3,
    "saleOff": null,
    "isAds": null,
     
    "map": { "lat": 3.0470964021214746, "lng": 101.50425985174644 }
  },
  {
    "id": "id1",
    "authorId": 10,
    "date": "May 20, 2021",
    "href": "/listing-stay-detail",
    "listingCategoryId": 17,
    "title": "Wembley Futsal Arena ",
    "featuredImage": "https://images.pexels.com/photos/5191371/pexels-photo-5191371.jpeg?auto=compress&cs=tinysrgb&dpr=1&w=500",
    "galleryImgs": [
      "https://lh3.googleusercontent.com/p/AF1QipMO5mH7KxORs5V77ltyvaequpXxZr_jGkYWnV6L=s680-w680-h510",
      "https://lh3.googleusercontent.com/p/AF1QipPiv3T6wUK_0ze5nmyhJw8yNTPpZKTjy3fnqbyw=s680-w680-h510",
      "https://www.oldham-chronicle.co.uk/uploads/f2/news/img/2014918_123230.jpg",
      "https://lh3.googleusercontent.com/p/AF1QipPiv3T6wUK_0ze5nmyhJw8yNTPpZKTjy3fnqbyw=s680-w680-h510"
    ],
    "commentCount": 70,
    "viewCount": 602,
    "like": false,
    "address": "Selangor, Malaysia",
    "reviewStart": 3.6,
    "reviewCount": 27,
    "price": "$26",
    "maxGuests": 6,
    "bedrooms": 2,
    "bathrooms": 3,
    "saleOff": null,
    "isAds": null,
     
    "map": { "lat": 3.0470964021214746, "lng": 101.50425985174644 }
  }
]
